Workbook

Sheet EV vs Gasoline
A1: State Name | B1: Electric (EV) | C1: Plug-In Hybrid Electric (PHEV) | D1: Hybrid Electric (HEV) | E1: Gasoline
A2: Rhode Island | B2: =SUMIFS(vehicle_data_cleaned[registration_count],vehicle_data_cleaned[state_name],'EV vs Gasoline'!$A:$A,vehicle_data_cleaned[fuel_type],B$1)/SUMIFS(vehicle_data_cleaned[registration_count],vehicle_data_cleaned[state_name],'EV vs Gasoline'!$A:$A) -> 0.0072926162 | C2: =SUMIFS(vehicle_data_cleaned[registration_count],vehicle_data_cleaned[state_name],'EV vs Gasoline'!$A:$A,vehicle_data_cleaned[fuel_type],C$1)/SUMIFS(vehicle_data_cleaned[registration_count],vehicle_data_cleaned[state_name],'EV vs Gasoline'!$A:$A) -> 0.0058113036 | D2: =SUMIFS(vehicle_data_cleaned[registration_count],vehicle_data_cleaned[state_name],'EV vs Gasoline'!$A:$A,vehicle_data_cleaned[fuel_type],D$1)/SUMIFS(vehicle_data_cleaned[registration_count],vehicle_data_cleaned[state_name],'EV vs Gasoline'!$A:$A) -> 0.025182315 | E2: =SUMIFS(vehicle_data_cleaned[registration_count],vehicle_data_cleaned[state_name],'EV vs Gasoline'!$A:$A,vehicle_data_cleaned[fuel_type],E$1)/SUMIFS(vehicle_data_cleaned[registration_count],vehicle_data_cleaned[state_name],'EV vs Gasoline'!$A:$A) -> 0.89106655
A3: Connecticut | B3: =SUMIFS(vehicle_data_cleaned[registration_count],vehicle_data_cleaned[state_name],'EV vs Gasoline'!$A:$A,vehicle_data_cleaned[fuel_type],B$1)/SUMIFS(vehicle_data_cleaned[registration_count],vehicle_data_cleaned[state_name],'EV vs Gasoline'!$A:$A) -> 0.010727501 | C3: =SUMIFS(vehicle_data_cleaned[registration_count],vehicle_data_cleaned[state_name],'EV vs Gasoline'!$A:$A,vehicle_data_cleaned[fuel_type],C$1)/SUMIFS(vehicle_data_cleaned[registration_count],vehicle_data_cleaned[state_name],'EV vs Gasoline'!$A:$A) -> 0.006246393 | D3: =SUMIFS(vehicle_data_cleaned[registration_count],vehicle_data_cleaned[state_name],'EV vs Gasoline'!$A:$A,vehicle_data_cleaned[fuel_type],D$1)/SUMIFS(vehicle_data_cleaned[registration_count],vehicle_data_cleaned[state_name],'EV vs Gasoline'!$A:$A) -> 0.025562685 | E3: =SUMIFS(vehicle_data_cleaned[registration_count],vehicle_data_cleaned[state_name],'EV vs Gasoline'!$A:$A,vehicle_data_cleaned[fuel_type],E$1)/SUMIFS(vehicle_data_cleaned[registration_count],vehicle_data_cleaned[state_name],'EV vs Gasoline'!$A:$A) -> 0.88691992
A4: Hawaii | B4: =SUMIFS(vehicle_data_cleaned[registration_count],vehicle_data_cleaned[state_name],'EV vs Gasoline'!$A:$A,vehicle_data_cleaned[fuel_type],B$1)/SUMIFS(vehicle_data_cleaned[registration_count],vehicle_data_cleaned[state_name],'EV vs Gasoline'!$A:$A) -> 0.023701509 | C4: =SUMIFS(vehicle_data_cleaned[registration_count],vehicle_data_cleaned[state_name],'EV vs Gasoline'!$A:$A,vehicle_data_cleaned[fuel_type],C$1)/SUMIFS(vehicle_data_cleaned[registration_count],vehicle_data_cleaned[state_name],'EV vs Gasoline'!$A:$A) -> 0.0067586335 | D4: =SUMIFS(vehicle_data_cleaned[registration_count],vehicle_data_cleaned[state_name],'EV vs Gasoline'!$A:$A,vehicle_data_cleaned[fuel_type],D$1)/SUMIFS(vehicle_data_cleaned[registration_count],vehicle_data_cleaned[state_name],'EV vs Gasoline'!$A:$A) -> 0.033700583 | E4: =SUMIFS(vehicle_data_cleaned[registration_count],vehicle_data_cleaned[state_name],'EV vs Gasoline'!$A:$A,vehicle_data_cleaned[fuel_type],E$1)/SUMIFS(vehicle_data_cleaned[registration_count],vehicle_data_cleaned[state_name],'EV vs Gasoline'!$A:$A) -> 0.88047403
A5: New Jersey | B5: =SUMIFS(vehicle_data_cleaned[registration_count],vehicle_data_cleaned[state_name],'EV vs Gasoline'!$A:$A,vehicle_data_cleaned[fuel_type],B$1)/SUMIFS(vehicle_data_cleaned[registration_count],vehicle_data_cleaned[state_name],'EV vs Gasoline'!$A:$A) -> 0.018404992 | C5: =SUMIFS(vehicle_data_cleaned[registration_count],vehicle_data_cleaned[state_name],'EV vs Gasoline'!$A:$A,vehicle_data_cleaned[fuel_type],C$1)/SUMIFS(vehicle_data_cleaned[registration_count],vehicle_data_cleaned[state_name],'EV vs Gasoline'!$A:$A) -> 0.0055843039 | D5: =SUMIFS(vehicle_data_cleaned[registration_count],vehicle_data_cleaned[state_name],'EV vs Gasoline'!$A:$A,vehicle_data_cleaned[fuel_type],D$1)/SUMIFS(vehicle_data_cleaned[registration_count],vehicle_data_cleaned[state_name],'EV vs Gasoline'!$A:$A) -> 0.023784492 | E5: =SUMIFS(vehicle_data_cleaned[registration_count],vehicle_data_cleaned[state_name],'EV vs Gasoline'!$A:$A,vehicle_data_cleaned[fuel_type],E$1)/SUMIFS(vehicle_data_cleaned[registration_count],vehicle_data_cleaned[state_name],'EV vs Gasoline'!$A:$A) -> 0.87833317
A6: New York | B6: =SUMIFS(vehicle_data_cleaned[registration_count],vehicle_data_cleaned[state_name],'EV vs Gasoline'!$A:$A,vehicle_data_cleaned[fuel_type],B$1)/SUMIFS(vehicle_data_cleaned[registration_count],vehicle_data_cleaned[state_name],'EV vs Gasoline'!$A:$A) -> 0.011600375 | C6: =SUMIFS(vehicle_data_cleaned[registration_count],vehicle_data_cleaned[state_name],'EV vs Gasoline'!$A:$A,vehicle_data_cleaned[fuel_type],C$1)/SUMIFS(vehicle_data_cleaned[registration_count],vehicle_data_cleaned[state_name],'EV vs Gasoline'!$A:$A) -> 0.0081547188 | D6: =SUMIFS(vehicle_data_cleaned[registration_count],vehicle_data_cleaned[state_name],'EV vs Gasoline'!$A:$A,vehicle_data_cleaned[fuel_type],D$1)/SUMIFS(vehicle_data_cleaned[registration_count],vehicle_data_cleaned[state_name],'EV vs Gasoline'!$A:$A) -> 0.027741947 | E6: =SUMIFS(vehicle_data_cleaned[registration_count],vehicle_data_cleaned[state_name],'EV vs Gasoline'!$A:$A,vehicle_data_cleaned[fuel_type],E$1)/SUMIFS(vehicle_data_cleaned[registration_count],vehicle_data_cleaned[state_name],'EV vs Gasoline'!$A:$A) -> 0.8751524
A7: Massachusetts | B7: =SUMIFS(vehicle_data_cleaned[registration_count],vehicle_data_cleaned[state_name],'EV vs Gasoline'!$A:$A,vehicle_data_cleaned[fuel_type],B$1)/SUMIFS(vehicle_data_cleaned[registration_count],vehicle_data_cleaned[state_name],'EV vs Gasoline'!$A:$A) -> 0.01343993 | C7: =SUMIFS(vehicle_data_cleaned[registration_count],vehicle_data_cleaned[state_name],'EV vs Gasoline'!$A:$A,vehicle_data_cleaned[fuel_type],C$1)/SUMIFS(vehicle_data_cleaned[registration_count],vehicle_data_cleaned[state_name],'EV vs Gasoline'!$A:$A) -> 0.0079765439 | D7: =SUMIFS(vehicle_data_cleaned[registration_count],vehicle_data_cleaned[state_name],'EV vs Gasoline'!$A:$A,vehicle_data_cleaned[fuel_type],D$1)/SUMIFS(vehicle_data_cleaned[registration_count],vehicle_data_cleaned[state_name],'EV vs Gasoline'!$A:$A) -> 0.034109741 | E7: =SUMIFS(vehicle_data_cleaned[registration_count],vehicle_data_cleaned[state_name],'EV vs Gasoline'!$A:$A,vehicle_data_cleaned[fuel_type],E$1)/SUMIFS(vehicle_data_cleaned[registration_count],vehicle_data_cleaned[state_name],'EV vs Gasoline'!$A:$A) -> 0.87255741
A8: Pennsylvania | B8: =SUMIFS(vehicle_data_cleaned[registration_count],vehicle_data_cleaned[state_name],'EV vs Gasoline'!$A:$A,vehicle_data_cleaned[fuel_type],B$1)/SUMIFS(vehicle_data_cleaned[registration_count],vehicle_data_cleaned[state_name],'EV vs Gasoline'!$A:$A) -> 0.0068749388 | C8: =SUMIFS(vehicle_data_cleaned[registration_count],vehicle_data_cleaned[state_name],'EV vs Gasoline'!$A:$A,vehicle_data_cleaned[fuel_type],C$1)/SUMIFS(vehicle_data_cleaned[registration_count],vehicle_data_cleaned[state_name],'EV vs Gasoline'!$A:$A) -> 0.0038096171 | D8: =SUMIFS(vehicle_data_cleaned[registration_count],vehicle_data_cleaned[state_name],'EV vs Gasoline'!$A:$A,vehicle_data_cleaned[fuel_type],D$1)/SUMIFS(vehicle_data_cleaned[registration_count],vehicle_data_cleaned[state_name],'EV vs Gasoline'!$A:$A) -> 0.024032906 | E8: =SUMIFS(vehicle_data_cleaned[registration_count],vehicle_data_cleaned[state_name],'EV vs Gasoline'!$A:$A,vehicle_data_cleaned[fuel_type],E$1)/SUMIFS(vehicle_data_cleaned[registration_count],vehicle_data_cleaned[state_name],'EV vs Gasoline'!$A:$A) -> 0.87027715
A9: Florida | B9: =SUMIFS(vehicle_data_cleaned[registration_count],vehicle_data_cleaned[state_name],'EV vs Gasoline'!$A:$A,vehicle_data_cleaned[fuel_type],B$1)/SUMIFS(vehicle_data_cleaned[registration_count],vehicle_data_cleaned[state_name],'EV vs Gasoline'!$A:$A) -> 0.01371669 | C9: =SUMIFS(vehicle_data_cleaned[registration_count],vehicle_data_cleaned[state_name],'EV vs Gasoline'!$A:$A,vehicle_data_cleaned[fuel_type],C$1)/SUMIFS(vehicle_data_cleaned[registration_count],vehicle_data_cleaned[state_name],'EV vs Gasoline'!$A:$A) -> 0.0030834302 | D9: =SUMIFS(vehicle_data_cleaned[registration_count],vehicle_data_cleaned[state_name],'EV vs Gasoline'!$A:$A,vehicle_data_cleaned[fuel_type],D$1)/SUMIFS(vehicle_data_cleaned[registration_count],vehicle_data_cleaned[state_name],'EV vs Gasoline'!$A:$A) -> 0.022305093 | E9: =SUMIFS(vehicle_data_cleaned[registration_count],vehicle_data_cleaned[state_name],'EV vs Gasoline'!$A:$A,vehicle_data_cleaned[fuel_type],E$1)/SUMIFS(vehicle_data_cleaned[registration_count],vehicle_data_cleaned[state_name],'EV vs Gasoline'!$A:$A) -> 0.86833807
A10: Delaware | B10: =SUMIFS(vehicle_data_cleaned[registration_count],vehicle_data_cleaned[state_name],'EV vs Gasoline'!$A:$A,vehicle_data_cleaned[fuel_type],B$1)/SUMIFS(vehicle_data_cleaned[registration_count],vehicle_data_cleaned[state_name],'EV vs Gasoline'!$A:$A) -> 0.0091833388 | C10: =SUMIFS(vehicle_data_cleaned[registration_count],vehicle_data_cleaned[state_name],'EV vs Gasoline'!$A:$A,vehicle_data_cleaned[fuel_type],C$1)/SUMIFS(vehicle_data_cleaned[registration_count],vehicle_data_cleaned[state_name],'EV vs Gasoline'!$A:$A) -> 0.0041543676 | D10: =SUMIFS(vehicle_data_cleaned[registration_count],vehicle_data_cleaned[state_name],'EV vs Gasoline'!$A:$A,vehicle_data_cleaned[fuel_type],D$1)/SUMIFS(vehicle_data_cleaned[registration_count],vehicle_data_cleaned[state_name],'EV vs Gasoline'!$A:$A) -> 0.025035531 | E10: =SUMIFS(vehicle_data_cleaned[registration_count],vehicle_data_cleaned[state_name],'EV vs Gasoline'!$A:$A,vehicle_data_cleaned[fuel_type],E$1)/SUMIFS(vehicle_data_cleaned[registration_count],vehicle_data_cleaned[state_name],'EV vs Gasoline'!$A:$A) -> 0.86509238
A11: Virginia | B11: =SUMIFS(vehicle_data_cleaned[registration_count],vehicle_data_cleaned[state_name],'EV vs Gasoline'!$A:$A,vehicle_data_cleaned[fuel_type],B$1)/SUMIFS(vehicle_data_cleaned[registration_count],vehicle_data_cleaned[state_name],'EV vs Gasoline'!$A:$A) -> 0.010992426 | C11: =SUMIFS(vehicle_data_cleaned[registration_count],vehicle_data_cleaned[state_name],'EV vs Gasoline'!$A:$A,vehicle_data_cleaned[fuel_type],C$1)/SUMIFS(vehicle_data_cleaned[registration_count],vehicle_data_cleaned[state_name],'EV vs Gasoline'!$A:$A) -> 0.0034699294 | D11: =SUMIFS(vehicle_data_cleaned[registration_count],vehicle_data_cleaned[state_name],'EV vs Gasoline'!$A:$A,vehicle_data_cleaned[fuel_type],D$1)/SUMIFS(vehicle_data_cleaned[registration_count],vehicle_data_cleaned[state_name],'EV vs Gasoline'!$A:$A) -> 0.02970156 | E11: =SUMIFS(vehicle_data_cleaned[registration_count],vehicle_data_cleaned[state_name],'EV vs Gasoline'!$A:$A,vehicle_data_cleaned[fuel_type],E$1)/SUMIFS(vehicle_data_cleaned[registration_count],vehicle_data_cleaned[state_name],'EV vs Gasoline'!$A:$A) -> 0.86359811
A12: Ohio | B12: =SUMIFS(vehicle_data_cleaned[registration_count],vehicle_data_cleaned[state_name],'EV vs Gasoline'!$A:$A,vehicle_data_cleaned[fuel_type],B$1)/SUMIFS(vehicle_data_cleaned[registration_count],vehicle_data_cleaned[state_name],'EV vs Gasoline'!$A:$A) -> 0.004884999 | C12: =SUMIFS(vehicle_data_cleaned[registration_count],vehicle_data_cleaned[state_name],'EV vs Gasoline'!$A:$A,vehicle_data_cleaned[fuel_type],C$1)/SUMIFS(vehicle_data_cleaned[registration_count],vehicle_data_cleaned[state_name],'EV vs Gasoline'!$A:$A) -> 0.00232619 | D12: =SUMIFS(vehicle_data_cleaned[registration_count],vehicle_data_cleaned[state_name],'EV vs Gasoline'!$A:$A,vehicle_data_cleaned[fuel_type],D$1)/SUMIFS(vehicle_data_cleaned[registration_count],vehicle_data_cleaned[state_name],'EV vs Gasoline'!$A:$A) -> 0.019365532 | E12: =SUMIFS(vehicle_data_cleaned[registration_count],vehicle_data_cleaned[state_name],'EV vs Gasoline'!$A:$A,vehicle_data_cleaned[fuel_type],E$1)/SUMIFS(vehicle_data_cleaned[registration_count],vehicle_data_cleaned[state_name],'EV vs Gasoline'!$A:$A) -> 0.86082599
A13: Tennessee | B13: =SUMIFS(vehicle_data_cleaned[registration_count],vehicle_data_cleaned[state_name],'EV vs Gasoline'!$A:$A,vehicle_data_cleaned[fuel_type],B$1)/SUMIFS(vehicle_data_cleaned[registration_count],vehicle_data_cleaned[state_name],'EV vs Gasoline'!$A:$A) -> 0.0050773842 | C13: =SUMIFS(vehicle_data_cleaned[registration_count],vehicle_data_cleaned[state_name],'EV vs Gasoline'!$A:$A,vehicle_data_cleaned[fuel_type],C$1)/SUMIFS(vehicle_data_cleaned[registration_count],vehicle_data_cleaned[state_name],'EV vs Gasoline'!$A:$A) -> 0.0016822659 | D13: =SUMIFS(vehicle_data_cleaned[registration_count],vehicle_data_cleaned[state_name],'EV vs Gasoline'!$A:$A,vehicle_data_cleaned[fuel_type],D$1)/SUMIFS(vehicle_data_cleaned[registration_count],vehicle_data_cleaned[state_name],'EV vs Gasoline'!$A:$A) -> 0.017327338 | E13: =SUMIFS(vehicle_data_cleaned[registration_count],vehicle_data_cleaned[state_name],'EV vs Gasoline'!$A:$A,vehicle_data_cleaned[fuel_type],E$1)/SUMIFS(vehicle_data_cleaned[registration_count],vehicle_data_cleaned[state_name],'EV vs Gasoline'!$A:$A) -> 0.85956139
... A52: Wyoming | B52: =SUMIFS(vehicle_data_cleaned[registration_count],vehicle_data_cleaned[state_name],'EV vs Gasoline'!$A:$A,vehicle_data_cleaned[fuel_type],B$1)/SUMIFS(vehicle_data_cleaned[registration_count],vehicle_data_cleaned[state_name],'EV vs Gasoline'!$A:$A) -> 0.0016847909 | C52: =SUMIFS(vehicle_data_cleaned[registration_count],vehicle_data_cleaned[state_name],'EV vs Gasoline'!$A:$A,vehicle_data_cleaned[fuel_type],C$1)/SUMIFS(vehicle_data_cleaned[registration_count],vehicle_data_cleaned[state_name],'EV vs Gasoline'!$A:$A) -> 0.0012253025 | D52: =SUMIFS(vehicle_data_cleaned[registration_count],vehicle_data_cleaned[state_name],'EV vs Gasoline'!$A:$A,vehicle_data_cleaned[fuel_type],D$1)/SUMIFS(vehicle_data_cleaned[registration_count],vehicle_data_cleaned[state_name],'EV vs Gasoline'!$A:$A) -> 0.012865676 | E52: =SUMIFS(vehicle_data_cleaned[registration_count],vehicle_data_cleaned[state_name],'EV vs Gasoline'!$A:$A,vehicle_data_cleaned[fuel_type],E$1)/SUMIFS(vehicle_data_cleaned[registration_count],vehicle_data_cleaned[state_name],'EV vs Gasoline'!$A:$A) -> 0.74911931

Sheet EV Adoption Rate
A1: State Name | B1: EV | C1: Non-EV
A2: District of Columbia | B2: =SUMIFS(vehicle_data_cleaned[registration_count],vehicle_data_cleaned[state_name],'EV Adoption Rate'!$A:$A,vehicle_data_cleaned[EV_Non_EV],B$1)/SUMIFS(vehicle_data_cleaned[registration_count],vehicle_data_cleaned[state_name],'EV Adoption Rate'!$A:$A) -> 0.095802627 | C2: =SUMIFS(vehicle_data_cleaned[registration_count],vehicle_data_cleaned[state_name],'EV Adoption Rate'!$A:$A,vehicle_data_cleaned[EV_Non_EV],C$1)/SUMIFS(vehicle_data_cleaned[registration_count],vehicle_data_cleaned[state_name],'EV Adoption Rate'!$A:$A) -> 0.90419737
A3: California | B3: =SUMIFS(vehicle_data_cleaned[registration_count],vehicle_data_cleaned[state_name],'EV Adoption Rate'!$A:$A,vehicle_data_cleaned[EV_Non_EV],B$1)/SUMIFS(vehicle_data_cleaned[registration_count],vehicle_data_cleaned[state_name],'EV Adoption Rate'!$A:$A) -> 0.091464656 | C3: =SUMIFS(vehicle_data_cleaned[registration_count],vehicle_data_cleaned[state_name],'EV Adoption Rate'!$A:$A,vehicle_data_cleaned[EV_Non_EV],C$1)/SUMIFS(vehicle_data_cleaned[registration_count],vehicle_data_cleaned[state_name],'EV Adoption Rate'!$A:$A) -> 0.90853534
A4: Washington | B4: =SUMIFS(vehicle_data_cleaned[registration_count],vehicle_data_cleaned[state_name],'EV Adoption Rate'!$A:$A,vehicle_data_cleaned[EV_Non_EV],B$1)/SUMIFS(vehicle_data_cleaned[registration_count],vehicle_data_cleaned[state_name],'EV Adoption Rate'!$A:$A) -> 0.073429087 | C4: =SUMIFS(vehicle_data_cleaned[registration_count],vehicle_data_cleaned[state_name],'EV Adoption Rate'!$A:$A,vehicle_data_cleaned[EV_Non_EV],C$1)/SUMIFS(vehicle_data_cleaned[registration_count],vehicle_data_cleaned[state_name],'EV Adoption Rate'!$A:$A) -> 0.92657091
A5: Oregon | B5: =SUMIFS(vehicle_data_cleaned[registration_count],vehicle_data_cleaned[state_name],'EV Adoption Rate'!$A:$A,vehicle_data_cleaned[EV_Non_EV],B$1)/SUMIFS(vehicle_data_cleaned[registration_count],vehicle_data_cleaned[state_name],'EV Adoption Rate'!$A:$A) -> 0.065254259 | C5: =SUMIFS(vehicle_data_cleaned[registration_count],vehicle_data_cleaned[state_name],'EV Adoption Rate'!$A:$A,vehicle_data_cleaned[EV_Non_EV],C$1)/SUMIFS(vehicle_data_cleaned[registration_count],vehicle_data_cleaned[state_name],'EV Adoption Rate'!$A:$A) -> 0.93474574
A6: Hawaii | B6: =SUMIFS(vehicle_data_cleaned[registration_count],vehicle_data_cleaned[state_name],'EV Adoption Rate'!$A:$A,vehicle_data_cleaned[EV_Non_EV],B$1)/SUMIFS(vehicle_data_cleaned[registration_count],vehicle_data_cleaned[state_name],'EV Adoption Rate'!$A:$A) -> 0.064160726 | C6: =SUMIFS(vehicle_data_cleaned[registration_count],vehicle_data_cleaned[state_name],'EV Adoption Rate'!$A:$A,vehicle_data_cleaned[EV_Non_EV],C$1)/SUMIFS(vehicle_data_cleaned[registration_count],vehicle_data_cleaned[state_name],'EV Adoption Rate'!$A:$A) -> 0.93583927
A7: Vermont | B7: =SUMIFS(vehicle_data_cleaned[registration_count],vehicle_data_cleaned[state_name],'EV Adoption Rate'!$A:$A,vehicle_data_cleaned[EV_Non_EV],B$1)/SUMIFS(vehicle_data_cleaned[registration_count],vehicle_data_cleaned[state_name],'EV Adoption Rate'!$A:$A) -> 0.056988703 | C7: =SUMIFS(vehicle_data_cleaned[registration_count],vehicle_data_cleaned[state_name],'EV Adoption Rate'!$A:$A,vehicle_data_cleaned[EV_Non_EV],C$1)/SUMIFS(vehicle_data_cleaned[registration_count],vehicle_data_cleaned[state_name],'EV Adoption Rate'!$A:$A) -> 0.9430113
A8: Massachusetts | B8: =SUMIFS(vehicle_data_cleaned[registration_count],vehicle_data_cleaned[state_name],'EV Adoption Rate'!$A:$A,vehicle_data_cleaned[EV_Non_EV],B$1)/SUMIFS(vehicle_data_cleaned[registration_count],vehicle_data_cleaned[state_name],'EV Adoption Rate'!$A:$A) -> 0.055526215 | C8: =SUMIFS(vehicle_data_cleaned[registration_count],vehicle_data_cleaned[state_name],'EV Adoption Rate'!$A:$A,vehicle_data_cleaned[EV_Non_EV],C$1)/SUMIFS(vehicle_data_cleaned[registration_count],vehicle_data_cleaned[state_name],'EV Adoption Rate'!$A:$A) -> 0.94447378
A9: Maryland | B9: =SUMIFS(vehicle_data_cleaned[registration_count],vehicle_data_cleaned[state_name],'EV Adoption Rate'!$A:$A,vehicle_data_cleaned[EV_Non_EV],B$1)/SUMIFS(vehicle_data_cleaned[registration_count],vehicle_data_cleaned[state_name],'EV Adoption Rate'!$A:$A) -> 0.053774704 | C9: =SUMIFS(vehicle_data_cleaned[registration_count],vehicle_data_cleaned[state_name],'EV Adoption Rate'!$A:$A,vehicle_data_cleaned[EV_Non_EV],C$1)/SUMIFS(vehicle_data_cleaned[registration_count],vehicle_data_cleaned[state_name],'EV Adoption Rate'!$A:$A) -> 0.9462253
A10: Colorado | B10: =SUMIFS(vehicle_data_cleaned[registration_count],vehicle_data_cleaned[state_name],'EV Adoption Rate'!$A:$A,vehicle_data_cleaned[EV_Non_EV],B$1)/SUMIFS(vehicle_data_cleaned[registration_count],vehicle_data_cleaned[state_name],'EV Adoption Rate'!$A:$A) -> 0.051508692 | C10: =SUMIFS(vehicle_data_cleaned[registration_count],vehicle_data_cleaned[state_name],'EV Adoption Rate'!$A:$A,vehicle_data_cleaned[EV_Non_EV],C$1)/SUMIFS(vehicle_data_cleaned[registration_count],vehicle_data_cleaned[state_name],'EV Adoption Rate'!$A:$A) -> 0.94849131
A11: Nevada | B11: =SUMIFS(vehicle_data_cleaned[registration_count],vehicle_data_cleaned[state_name],'EV Adoption Rate'!$A:$A,vehicle_data_cleaned[EV_Non_EV],B$1)/SUMIFS(vehicle_data_cleaned[registration_count],vehicle_data_cleaned[state_name],'EV Adoption Rate'!$A:$A) -> 0.0499198 | C11: =SUMIFS(vehicle_data_cleaned[registration_count],vehicle_data_cleaned[state_name],'EV Adoption Rate'!$A:$A,vehicle_data_cleaned[EV_Non_EV],C$1)/SUMIFS(vehicle_data_cleaned[registration_count],vehicle_data_cleaned[state_name],'EV Adoption Rate'!$A:$A) -> 0.9500802
A12: New Jersey | B12: =SUMIFS(vehicle_data_cleaned[registration_count],vehicle_data_cleaned[state_name],'EV Adoption Rate'!$A:$A,vehicle_data_cleaned[EV_Non_EV],B$1)/SUMIFS(vehicle_data_cleaned[registration_count],vehicle_data_cleaned[state_name],'EV Adoption Rate'!$A:$A) -> 0.047773788 | C12: =SUMIFS(vehicle_data_cleaned[registration_count],vehicle_data_cleaned[state_name],'EV Adoption Rate'!$A:$A,vehicle_data_cleaned[EV_Non_EV],C$1)/SUMIFS(vehicle_data_cleaned[registration_count],vehicle_data_cleaned[state_name],'EV Adoption Rate'!$A:$A) -> 0.95222621
A13: New York | B13: =SUMIFS(vehicle_data_cleaned[registration_count],vehicle_data_cleaned[state_name],'EV Adoption Rate'!$A:$A,vehicle_data_cleaned[EV_Non_EV],B$1)/SUMIFS(vehicle_data_cleaned[registration_count],vehicle_data_cleaned[state_name],'EV Adoption Rate'!$A:$A) -> 0.04749704 | C13: =SUMIFS(vehicle_data_cleaned[registration_count],vehicle_data_cleaned[state_name],'EV Adoption Rate'!$A:$A,vehicle_data_cleaned[EV_Non_EV],C$1)/SUMIFS(vehicle_data_cleaned[registration_count],vehicle_data_cleaned[state_name],'EV Adoption Rate'!$A:$A) -> 0.95250296
... A52: Mississippi | B52: =SUMIFS(vehicle_data_cleaned[registration_count],vehicle_data_cleaned[state_name],'EV Adoption Rate'!$A:$A,vehicle_data_cleaned[EV_Non_EV],B$1)/SUMIFS(vehicle_data_cleaned[registration_count],vehicle_data_cleaned[state_name],'EV Adoption Rate'!$A:$A) -> 0.012411413 | C52: =SUMIFS(vehicle_data_cleaned[registration_count],vehicle_data_cleaned[state_name],'EV Adoption Rate'!$A:$A,vehicle_data_cleaned[EV_Non_EV],C$1)/SUMIFS(vehicle_data_cleaned[registration_count],vehicle_data_cleaned[state_name],'EV Adoption Rate'!$A:$A) -> 0.98758859

Sheet Large States EV Adoption
A1: State Name | B1: Total Registrations | C1: EV | D1: Non-EV
A2: California | B2: =SUMIFS(vehicle_data_cleaned[registration_count],vehicle_data_cleaned[state_name],'Large States EV Adoption'!$A:$A) -> 36850300 | C2: =SUMIFS(vehicle_data_cleaned[registration_count],vehicle_data_cleaned[state_name],'Large States EV Adoption'!$A:$A,vehicle_data_cleaned[EV_Non_EV],C$1)/SUMIFS(vehicle_data_cleaned[registration_count],vehicle_data_cleaned[state_name],'Large States EV Adoption'!$A:$A) -> 0.091464656 | D2: =SUMIFS(vehicle_data_cleaned[registration_count],vehicle_data_cleaned[state_name],'Large States EV Adoption'!$A:$A,vehicle_data_cleaned[EV_Non_EV],D$1)/SUMIFS(vehicle_data_cleaned[registration_count],vehicle_data_cleaned[state_name],'Large States EV Adoption'!$A:$A) -> 0.90853534
A3: New York | B3: =SUMIFS(vehicle_data_cleaned[registration_count],vehicle_data_cleaned[state_name],'Large States EV Adoption'!$A:$A) -> 11318600 | C3: =SUMIFS(vehicle_data_cleaned[registration_count],vehicle_data_cleaned[state_name],'Large States EV Adoption'!$A:$A,vehicle_data_cleaned[EV_Non_EV],C$1)/SUMIFS(vehicle_data_cleaned[registration_count],vehicle_data_cleaned[state_name],'Large States EV Adoption'!$A:$A) -> 0.04749704 | D3: =SUMIFS(vehicle_data_cleaned[registration_count],vehicle_data_cleaned[state_name],'Large States EV Adoption'!$A:$A,vehicle_data_cleaned[EV_Non_EV],D$1)/SUMIFS(vehicle_data_cleaned[registration_count],vehicle_data_cleaned[state_name],'Large States EV Adoption'!$A:$A) -> 0.95250296
A4: Florida | B4: =SUMIFS(vehicle_data_cleaned[registration_count],vehicle_data_cleaned[state_name],'Large States EV Adoption'!$A:$A) -> 18583200 | C4: =SUMIFS(vehicle_data_cleaned[registration_count],vehicle_data_cleaned[state_name],'Large States EV Adoption'!$A:$A,vehicle_data_cleaned[EV_Non_EV],C$1)/SUMIFS(vehicle_data_cleaned[registration_count],vehicle_data_cleaned[state_name],'Large States EV Adoption'!$A:$A) -> 0.039105213 | D4: =SUMIFS(vehicle_data_cleaned[registration_count],vehicle_data_cleaned[state_name],'Large States EV Adoption'!$A:$A,vehicle_data_cleaned[EV_Non_EV],D$1)/SUMIFS(vehicle_data_cleaned[registration_count],vehicle_data_cleaned[state_name],'Large States EV Adoption'!$A:$A) -> 0.96089479
A5: Texas | B5: =SUMIFS(vehicle_data_cleaned[registration_count],vehicle_data_cleaned[state_name],'Large States EV Adoption'!$A:$A) -> 25796600 | C5: =SUMIFS(vehicle_data_cleaned[registration_count],vehicle_data_cleaned[state_name],'Large States EV Adoption'!$A:$A,vehicle_data_cleaned[EV_Non_EV],C$1)/SUMIFS(vehicle_data_cleaned[registration_count],vehicle_data_cleaned[state_name],'Large States EV Adoption'!$A:$A) -> 0.028317685 | D5: =SUMIFS(vehicle_data_cleaned[registration_count],vehicle_data_cleaned[state_name],'Large States EV Adoption'!$A:$A,vehicle_data_cleaned[EV_Non_EV],D$1)/SUMIFS(vehicle_data_cleaned[registration_count],vehicle_data_cleaned[state_name],'Large States EV Adoption'!$A:$A) -> 0.97168231
A6: Ohio | B6: =SUMIFS(vehicle_data_cleaned[registration_count],vehicle_data_cleaned[state_name],'Large States EV Adoption'!$A:$A) -> 10317300 | C6: =SUMIFS(vehicle_data_cleaned[registration_count],vehicle_data_cleaned[state_name],'Large States EV Adoption'!$A:$A,vehicle_data_cleaned[EV_Non_EV],C$1)/SUMIFS(vehicle_data_cleaned[registration_count],vehicle_data_cleaned[state_name],'Large States EV Adoption'!$A:$A) -> 0.026576721 | D6: =SUMIFS(vehicle_data_cleaned[registration_count],vehicle_data_cleaned[state_name],'Large States EV Adoption'!$A:$A,vehicle_data_cleaned[EV_Non_EV],D$1)/SUMIFS(vehicle_data_cleaned[registration_count],vehicle_data_cleaned[state_name],'Large States EV Adoption'!$A:$A) -> 0.97342328
A7: Pennsylvania | B7: =SUMIFS(vehicle_data_cleaned[registration_count],vehicle_data_cleaned[state_name],'Large States EV Adoption'!$A:$A) -> 10211000 | C7: =SUMIFS(vehicle_data_cleaned[registration_count],vehicle_data_cleaned[state_name],'Large States EV Adoption'!$A:$A,vehicle_data_cleaned[EV_Non_EV],C$1)/SUMIFS(vehicle_data_cleaned[registration_count],vehicle_data_cleaned[state_name],'Large States EV Adoption'!$A:$A) -> 0.034717462 | D7: =SUMIFS(vehicle_data_cleaned[registration_count],vehicle_data_cleaned[state_name],'Large States EV Adoption'!$A:$A,vehicle_data_cleaned[EV_Non_EV],D$1)/SUMIFS(vehicle_data_cleaned[registration_count],vehicle_data_cleaned[state_name],'Large States EV Adoption'!$A:$A) -> 0.96528254
A8: Illinois | B8: =SUMIFS(vehicle_data_cleaned[registration_count],vehicle_data_cleaned[state_name],'Large States EV Adoption'!$A:$A) -> 10043200 | C8: =SUMIFS(vehicle_data_cleaned[registration_count],vehicle_data_cleaned[state_name],'Large States EV Adoption'!$A:$A,vehicle_data_cleaned[EV_Non_EV],C$1)/SUMIFS(vehicle_data_cleaned[registration_count],vehicle_data_cleaned[state_name],'Large States EV Adoption'!$A:$A) -> 0.041660029 | D8: =SUMIFS(vehicle_data_cleaned[registration_count],vehicle_data_cleaned[state_name],'Large States EV Adoption'!$A:$A,vehicle_data_cleaned[EV_Non_EV],D$1)/SUMIFS(vehicle_data_cleaned[registration_count],vehicle_data_cleaned[state_name],'Large States EV Adoption'!$A:$A) -> 0.95833997
A9: Georgia | B9: =SUMIFS(vehicle_data_cleaned[registration_count],vehicle_data_cleaned[state_name],'Large States EV Adoption'!$A:$A) -> 9642400 | C9: =SUMIFS(vehicle_data_cleaned[registration_count],vehicle_data_cleaned[state_name],'Large States EV Adoption'!$A:$A,vehicle_data_cleaned[EV_Non_EV],C$1)/SUMIFS(vehicle_data_cleaned[registration_count],vehicle_data_cleaned[state_name],'Large States EV Adoption'!$A:$A) -> 0.030116983 | D9: =SUMIFS(vehicle_data_cleaned[registration_count],vehicle_data_cleaned[state_name],'Large States EV Adoption'!$A:$A,vehicle_data_cleaned[EV_Non_EV],D$1)/SUMIFS(vehicle_data_cleaned[registration_count],vehicle_data_cleaned[state_name],'Large States EV Adoption'!$A:$A) -> 0.96988302
A10: North Carolina | B10: =SUMIFS(vehicle_data_cleaned[registration_count],vehicle_data_cleaned[state_name],'Large States EV Adoption'!$A:$A) -> 9085500 | C10: =SUMIFS(vehicle_data_cleaned[registration_count],vehicle_data_cleaned[state_name],'Large States EV Adoption'!$A:$A,vehicle_data_cleaned[EV_Non_EV],C$1)/SUMIFS(vehicle_data_cleaned[registration_count],vehicle_data_cleaned[state_name],'Large States EV Adoption'!$A:$A) -> 0.033514941 | D10: =SUMIFS(vehicle_data_cleaned[registration_count],vehicle_data_cleaned[state_name],'Large States EV Adoption'!$A:$A,vehicle_data_cleaned[EV_Non_EV],D$1)/SUMIFS(vehicle_data_cleaned[registration_count],vehicle_data_cleaned[state_name],'Large States EV Adoption'!$A:$A) -> 0.96648506
A11: Michigan | B11: =SUMIFS(vehicle_data_cleaned[registration_count],vehicle_data_cleaned[state_name],'Large States EV Adoption'!$A:$A) -> 8525400 | C11: =SUMIFS(vehicle_data_cleaned[registration_count],vehicle_data_cleaned[state_name],'Large States EV Adoption'!$A:$A,vehicle_data_cleaned[EV_Non_EV],C$1)/SUMIFS(vehicle_data_cleaned[registration_count],vehicle_data_cleaned[state_name],'Large States EV Adoption'!$A:$A) -> 0.026684965 | D11: =SUMIFS(vehicle_data_cleaned[registration_count],vehicle_data_cleaned[state_name],'Large States EV Adoption'!$A:$A,vehicle_data_cleaned[EV_Non_EV],D$1)/SUMIFS(vehicle_data_cleaned[registration_count],vehicle_data_cleaned[state_name],'Large States EV Adoption'!$A:$A) -> 0.97331504
A12: Virginia | B12: =SUMIFS(vehicle_data_cleaned[registration_count],vehicle_data_cleaned[state_name],'Large States EV Adoption'!$A:$A) -> 7723500 | C12: =SUMIFS(vehicle_data_cleaned[registration_count],vehicle_data_cleaned[state_name],'Large States EV Adoption'!$A:$A,vehicle_data_cleaned[EV_Non_EV],C$1)/SUMIFS(vehicle_data_cleaned[registration_count],vehicle_data_cleaned[state_name],'Large States EV Adoption'!$A:$A) -> 0.044163915 | D12: =SUMIFS(vehicle_data_cleaned[registration_count],vehicle_data_cleaned[state_name],'Large States EV Adoption'!$A:$A,vehicle_data_cleaned[EV_Non_EV],D$1)/SUMIFS(vehicle_data_cleaned[registration_count],vehicle_data_cleaned[state_name],'Large States EV Adoption'!$A:$A) -> 0.95583608
A13: New Jersey | B13: =SUMIFS(vehicle_data_cleaned[registration_count],vehicle_data_cleaned[state_name],'Large States EV Adoption'!$A:$A) -> 7324100 | C13: =SUMIFS(vehicle_data_cleaned[registration_count],vehicle_data_cleaned[state_name],'Large States EV Adoption'!$A:$A,vehicle_data_cleaned[EV_Non_EV],C$1)/SUMIFS(vehicle_data_cleaned[registration_count],vehicle_data_cleaned[state_name],'Large States EV Adoption'!$A:$A) -> 0.047773788 | D13: =SUMIFS(vehicle_data_cleaned[registration_count],vehicle_data_cleaned[state_name],'Large States EV Adoption'!$A:$A,vehicle_data_cleaned[EV_Non_EV],D$1)/SUMIFS(vehicle_data_cleaned[registration_count],vehicle_data_cleaned[state_name],'Large States EV Adoption'!$A:$A) -> 0.95222621
... A52: District of Columbia | B52: =SUMIFS(vehicle_data_cleaned[registration_count],vehicle_data_cleaned[state_name],'Large States EV Adoption'!$A:$A) -> 312100 | C52: =SUMIFS(vehicle_data_cleaned[registration_count],vehicle_data_cleaned[state_name],'Large States EV Adoption'!$A:$A,vehicle_data_cleaned[EV_Non_EV],C$1)/SUMIFS(vehicle_data_cleaned[registration_count],vehicle_data_cleaned[state_name],'Large States EV Adoption'!$A:$A) -> 0.095802627 | D52: =SUMIFS(vehicle_data_cleaned[registration_count],vehicle_data_cleaned[state_name],'Large States EV Adoption'!$A:$A,vehicle_data_cleaned[EV_Non_EV],D$1)/SUMIFS(vehicle_data_cleaned[registration_count],vehicle_data_cleaned[state_name],'Large States EV Adoption'!$A:$A) -> 0.90419737

Sheet vehicle_data_cleaned
A1: state_name | B1: EV_Non_EV | C1: fuel_type | D1: alternate_fuel | E1: registration_count
A2: Alabama | B2: EV | C2: Electric (EV) | D2: Mainstream Fuel | E2: 13000
A3: Alabama | B3: EV | C3: Hybrid Electric (HEV) | D3: Mainstream Fuel | E3: 63300
A4: Alabama | B4: EV | C4: Plug-In Hybrid Electric (PHEV) | D4: Mainstream Fuel | E4: 5800
A5: Alabama | B5: Non-EV | C5: Biodiesel | D5: Alternative Fuel | E5: 54200
A6: Alabama | B6: Non-EV | C6: Compressed Natural Gas (CNG) | D6: Alternative Fuel | E6: 100
A7: Alabama | B7: Non-EV | C7: Diesel | D7: Mainstream Fuel | E7: 127000
A8: Alabama | B8: Non-EV | C8: Ethanol/Flex (E85) | D8: Alternative Fuel | E8: 441200
A9: Alabama | B9: Non-EV | C9: Gasoline | D9: Mainstream Fuel | E9: 4102200
A10: Alabama | B10: Non-EV | C10: Hydrogen | D10: Alternative Fuel | E10: 0
A11: Alabama | B11: Non-EV | C11: Propane | D11: Alternative Fuel | E11: 100
A12: Alabama | B12: Non-EV | C12: Unknown Fuel | D12: Mainstream Fuel | E12: 29000
A13: Alaska | B13: EV | C13: Electric (EV) | D13: Mainstream Fuel | E13: 2700
... A562: Wyoming | B562: Non-EV | C562: Unknown Fuel | D562: Mainstream Fuel | E562: 13700

Sheet vehicle_data_raw
A1: State | B1: Electric (EV) | C1: Plug-In Hybrid Electric (PHEV) | D1: Hybrid Electric (HEV) | E1: Biodiesel | F1: Ethanol/Flex (E85) | G1: Compressed Natural Gas (CNG) | H1: Propane | I1: Hydrogen | J1: Methanol | K1: Gasoline | L1: Diesel | M1: Unknown Fuel
A2: Alabama | B2: 13000 | C2: 5800 | D2: 63300 | E2: 54200 | F2: 441200 | G2: 100 | H2: 100 | I2: 0 | J2: 0 | K2: 4102200 | L2: 127000 | M2: 29000
A3: Alaska | B3: 2700 | C3: 900 | D3: 10600 | E3: 9600 | F3: 46800 | G3: 0 | H3: 0 | I3: 0 | J3: 0 | K3: 454300 | L3: 29800 | M3: 5100
A4: Arizona | B4: 89800 | C4: 25600 | D4: 175700 | E4: 68600 | F4: 437100 | G4: 600 | H4: 700 | I4: 0 | J4: 0 | K4: 5469000 | L4: 197700 | M4: 64200
A5: Arkansas | B5: 7100 | C5: 3200 | D5: 37000 | E5: 37000 | F5: 276700 | G5: 200 | H5: 0 | I5: 0 | J5: 0 | K5: 2246100 | L5: 90700 | M5: 10300
A6: California | B6: 1256600 | C6: 410700 | D6: 1703200 | E6: 201600 | F6: 1314600 | G6: 10100 | H6: 1500 | I6: 16900 | J6: 0 | K6: 31191900 | L6: 735300 | M6: 7900
A7: Colorado | B7: 90100 | C7: 37500 | D7: 152700 | E7: 68100 | F7: 334300 | G7: 300 | H7: 100 | I7: 0 | J7: 0 | K7: 4508800 | L7: 203400 | M7: 46500
A8: Connecticut | B8: 31600 | C8: 18400 | D8: 75300 | E8: 10900 | F8: 133600 | G8: 100 | H8: 0 | I8: 0 | J8: 0 | K8: 2612600 | L8: 42300 | M8: 20900
A9: Delaware | B9: 8400 | C9: 3800 | D9: 22900 | E9: 5100 | F9: 63900 | G9: 0 | H9: 0 | I9: 0 | J9: 0 | K9: 791300 | L9: 14200 | M9: 5100
A10: District of Columbia | B10: 8100 | C10: 3700 | D10: 18100 | E10: 400 | F10: 16800 | G10: 100 | H10: 0 | I10: 0 | J10: 0 | K10: 262500 | L10: 1800 | M10: 600
A11: Florida | B11: 254900 | C11: 57300 | D11: 414500 | E11: 170500 | F11: 1101100 | G11: 400 | H11: 100 | I11: 0 | J11: 0 | K11: 16136500 | L11: 351800 | M11: 96100
A12: Georgia | B12: 92400 | C12: 22700 | D12: 175300 | E12: 92500 | F12: 719400 | G12: 300 | H12: 200 | I12: 0 | J12: 0 | K12: 8256400 | L12: 206300 | M12: 76900
A13: Hawaii | B13: 25600 | C13: 7300 | D13: 36400 | E13: 3400 | F13: 37300 | G13: 0 | H13: 0 | I13: 0 | J13: 0 | K13: 951000 | L13: 15400 | M13: 3700
... A52: Wyoming | B52: 1100 | C52: 800 | D52: 8400 | E52: 21200 | F52: 57700 | G52: 0 | H52: 0 | I52: 0 | J52: 0 | K52: 489100 | L52: 60900 | M52: 13700
B54: =SUM(B2:B53) -> 3555900 | C54: =SUM(C2:C53) -> 1307200 | D54: =SUM(D2:D53) -> 7392300 | E54: =SUM(E2:E53) -> 2803600 | F54: =SUM(F2:F53) -> 20240600 | G54: =SUM(G2:G53) -> 24700 | H54: =SUM(H2:H53) -> 6000 | I54: =SUM(I2:I53) -> 16900 | ... M54: =SUM(M2:M53) -> 1694100

Sheet Support
A1: fuel_type | B1: EV_Non_EV | C1: alternate_fuel
A2: Electric (EV) | B2: EV | C2: Mainstream Fuel
A3: Plug-In Hybrid Electric (PHEV) | B3: EV | C3: Mainstream Fuel
A4: Hybrid Electric (HEV) | B4: EV | C4: Mainstream Fuel
A5: Biodiesel | B5: Non-EV | C5: Alternative Fuel
A6: Ethanol/Flex (E85) | B6: Non-EV | C6: Alternative Fuel
A7: Compressed Natural Gas (CNG) | B7: Non-EV | C7: Alternative Fuel
A8: Propane | B8: Non-EV | C8: Alternative Fuel
A9: Hydrogen | B9: Non-EV | C9: Alternative Fuel
A10: Methanol | B10: Non-EV | C10: Alternative Fuel
A11: Gasoline | B11: Non-EV | C11: Mainstream Fuel
A12: Diesel | B12: Non-EV | C12: Mainstream Fuel
A13: Unknown Fuel | B13: Non-EV | C13: Mainstream Fuel
